_MeanReward,Steps,_mean_obs,_min_obs,_max_obs,_std_obs,_mean_act,_min_act,_max_act,_std_act,_mean_adv,_min_adv,_max_adv,_std_adv,_mean_discrew,_min_discrew,_max_discrew,_std_discrew,_Episode,PolicyLoss,PolicyEntropy,KL,Delta,_lr_multiplier,ValFuncLoss,ExplainedVarNew,ExplainedVarOld
-336.72797,20000,-0.016697325,-1.4246105,1.242146,0.061348803,0.017034499,-2.628323,2.7907975,0.3685329,3.169020601490047e-16,-3.0164442882142817,3.0573493718474936,0.9999860477468397,-0.26534203111934496,-0.639276489533843,0.04162422476067255,0.018364321231725298,20,-0.005245547741651535,5.4957485,0.0016588242,0.6666666666666666,1.0,0.026856716905961243,-0.45924180617744526,-0.15455374508868958
-322.82782,20000,0.020528518,-1.3072237,1.2753465,0.07559275,0.023970684,-2.905952,2.6685302,0.36810824,-1.7053025658242403e-17,-3.543627227301902,3.4195086920378697,0.9999814695880861,-0.24799245384206037,-0.6184818021313957,0.09597035512224819,0.01704907446529928,40,-0.005758373998105526,5.504019,0.002550096,0.4444444444444444,1.0,0.025097877762035425,-0.4720518067255741,-0.4238362676413965
-309.85114,20000,0.02244492,-1.2412477,1.4517626,0.074743986,0.019878246,-2.6653316,2.8143795,0.3726451,-2.2737367544323207e-17,-3.3810857756444888,3.3601855877714075,0.9999825200667869,-0.24937496248383603,-0.66351378806212,0.07124760941959568,0.01874110582616951,60,-0.006109881214797497,5.4839234,0.0031673792,0.2962962962962963,1.0,0.02651374065527792,-0.4138658833398996,-0.4168771979754511
-284.00595,20000,0.032825053,-1.261352,1.3545263,0.0817939,0.032596774,-2.3888218,2.6864376,0.36734104,-3.694822225952521e-17,-4.340808432096362,3.2561598743019586,0.9999778358670249,-0.22826636977715825,-0.5989634251526883,0.030830909719684194,0.013064496106066867,80,-0.008007035590708256,5.468213,0.005367907,0.2962962962962963,1.0,0.021131226863717153,-0.6130403627740784,-0.5284346887038427
-253.59367,20000,0.032303207,-1.2831763,1.3213624,0.08071408,0.03623171,-2.4512556,2.9304614,0.36831483,4.263256414560601e-17,-3.893494285317265,3.9385717458380447,0.9999763496437974,-0.2072070519250505,-0.520009856789965,0.11859752017712608,0.010440691493227282,100,-0.006665894296020269,5.4546394,0.005075452,0.2962962962962963,1.0,0.0163343053742237,-0.5589439793136897,-0.7453538257347678
-252.88289,20000,0.03490567,-1.523328,1.2739865,0.08344361,0.03840815,-2.51265,2.9306896,0.3698407,1.1368683772161604e-17,-3.5012309493604206,3.5202476789801853,0.9999789613325268,-0.20486207936215065,-0.5155819734034671,0.08965004533968561,0.01165588034506015,120,-0.007799673825502396,5.4352255,0.003785659,0.19753086419753085,1.0,0.015537652125767324,-0.33276818621336357,-0.48739473447514525
-259.9765,20000,0.033374768,-1.4752003,1.359194,0.081638545,0.036300104,-2.8993053,2.9366498,0.36393082,-8.526512829121201e-18,-3.9760129585369857,3.5251078655728048,0.9999785422683383,-0.20902010745972902,-0.5855341361807418,0.08127205154943261,0.013861546594592588,140,-0.006922316737473011,5.39275,0.0057684495,0.19753086419753085,1.0,0.019111753431375327,-0.37842123484151213,-0.2915135319480928
-229.22856,20000,0.03171125,-1.3496816,1.3442963,0.079637915,0.018515157,-2.5255625,2.7553358,0.3620281,5.684341886080802e-18,-4.046555268091936,3.5428055367585203,0.9999776812143993,-0.18693820255220384,-0.5356906593306778,0.10878111713709994,0.011046390798634955,160,-0.007214652374386787,5.35511,0.005599781,0.19753086419753085,1.0,0.016847252477256235,-0.5197057288438194,-0.4579313946735226
-202.94347,20000,0.028104989,-1.471227,1.4092689,0.07894218,0.0149300005,-2.6144059,2.7270763,0.3556225,4.5474735088646414e-17,-3.133309627682487,3.7536252024915804,0.9999762742641735,-0.16802981057240976,-0.46089597679402905,0.11831540112921714,0.009406679952595066,180,-0.007870697416365147,5.3105392,0.0064076697,0.19753086419753085,1.0,0.013339771904029423,-0.4022624628102722,-0.6188718251324274
-206.314,20000,0.032305498,-1.4546796,1.4192437,0.08041297,0.009277722,-2.6760921,2.8124335,0.3565798,0.0,-4.143829479332123,3.4285791219621204,0.9999769067133102,-0.1664234992014092,-0.5314743805428089,0.08107230302717881,0.011376404258255961,200,-0.008175352588295937,5.2590704,0.007165762,0.19753086419753085,1.0,0.014998923602596978,-0.3143818191676362,-0.34805199465244185
-175.48843,20000,0.035952605,-1.4171182,1.3060846,0.07892761,0.020581035,-2.4241004,3.003857,0.34881827,0.0,-3.8910040953710743,3.331919772793133,0.9999709090926974,-0.14447710515781081,-0.4207152675128186,0.12314985215283564,0.00790253672953026,220,-0.007751980796456337,5.244445,0.007275561,0.19753086419753085,1.0,0.012208633908244008,-0.5371339046696555,-0.4593278164610375
-142.82812,20000,0.042073682,-1.332762,1.4823253,0.07699254,0.028311348,-2.9848258,2.5327387,0.34827447,-2.2737367544323207e-17,-3.072726353279343,4.8000288700802844,0.9999736919967841,-0.12357039314285082,-0.36443408982402475,0.14647306652051922,0.007366082808539471,240,-0.006822801195085049,5.218046,0.005315609,0.19753086419753085,1.0,0.010514209456348901,-0.40621436535474587,-0.585035411014676
-150.27208,20000,0.038646273,-1.3798828,1.3325821,0.07475756,0.01825189,-2.6583009,2.8347328,0.3489764,-1.4210854715202004e-18,-4.0296328548711156,3.754994277146919,0.9999720878276588,-0.12388076411576576,-0.43869693875815885,0.17358106593505646,0.007577686146050132,260,-0.007993493229150772,5.1927576,0.010439805,0.19753086419753085,1.0,0.010489909794048709,-0.38181853440438585,-0.347633412191672
-117.81545,20000,0.03695747,-1.342703,1.3009101,0.074377984,0.0040805377,-2.685189,2.5776029,0.34608483,1.1368683772161604e-17,-3.5004584305581017,3.864881363442106,0.9999739221990718,-0.10039771918499583,-0.4112821072868506,0.10440688787825002,0.006598587761586196,280,-0.008273978717625141,5.1808414,0.010024811,0.19753086419753085,1.0,0.008854384735373843,-0.32546712233130193,-0.4132568011368771
-151.6635,20000,0.032150753,-1.4620234,1.2898737,0.07975506,0.005254429,-2.8548775,2.665475,0.34582642,5.684341886080802e-18,-4.9374846480392796,3.5601722478930724,0.9999722664314686,-0.12354400552132237,-0.4562498280337289,0.0854645341641935,0.006732431967336713,300,-0.009697137400507927,5.17538,0.0091071045,0.19753086419753085,1.0,0.00913790718550076,-0.3556085435913179,-0.3991284307408818
-124.31332,20000,0.03589506,-1.4012419,1.3589746,0.07461648,-0.0007451919,-2.5276878,3.0429895,0.34494922,1.7053025658242403e-17,-4.56974272999486,4.716246441750067,0.9999712159908626,-0.10468712321104821,-0.3867887629626548,0.18115777081442944,0.006558185153011752,320,-0.00781741738319397,5.1367884,0.007979003,0.19753086419753085,1.0,0.008921762969434446,-0.3573767079449879,-0.3308667362385498
-107.09463,20000,0.03393287,-1.3219832,1.2947131,0.07514145,-0.009837467,-2.726001,2.726637,0.3450073,3.979039320256561e-17,-3.887950697860454,4.5473931176360685,0.9999689439164667,-0.08984649442839768,-0.32187793883399135,0.20161711552398567,0.006107770969040976,340,-0.009192150086164474,5.1097403,0.013004394,0.19753086419753085,1.0,0.008674418923985116,-0.41739630173035835,-0.4121798065847846
-94.82535,20000,0.032428402,-1.2983164,1.4223776,0.072577715,-0.020962385,-2.7590344,3.3843725,0.3423233,3.4106051316484806e-17,-4.145302239268177,4.567818111418048,0.9999632335405673,-0.07861072305333883,-0.2759556391561277,0.125723167900178,0.004951960384834553,360,-0.009354939684271812,5.091572,0.012374801,0.19753086419753085,1.0,0.007295091207384312,-0.4731451482885183,-0.46071016524357566
-86.480484,20000,0.038031615,-1.2275205,1.3084908,0.07367343,-0.0023542643,-2.37643,2.9213438,0.34040335,2.2737367544323207e-17,-3.1071605409256735,4.870350023790579,0.9999678984179482,-0.07364556295387495,-0.2760842300371243,0.22665614940471027,0.005952952745389953,380,-0.009910767897963524,5.0861845,0.009786809,0.19753086419753085,1.0,0.008920463566905179,-0.4917977903905202,-0.4520344542169943
-66.58236,20000,0.032867815,-1.2253557,1.4808509,0.07376303,-0.013951127,-2.9003818,2.7349489,0.34357274,0.0,-3.876303214393265,3.959504711885394,0.9999700491643678,-0.05551053574308421,-0.24296623830687025,0.1987859290326551,0.006161828709424408,400,-0.010690564289689064,5.0739546,0.014620726,0.19753086419753085,1.0,0.00841742297327712,-0.36598530673738794,-0.43833240462084166
-44.267113,20000,0.03648048,-1.2752194,1.5670851,0.074224696,-0.006238386,-2.67306,2.6457667,0.3476874,-5.684341886080802e-17,-4.127700515772837,4.461532213691197,0.9999693509677814,-0.03670913033829653,-0.2298341447718361,0.23208906730933976,0.005597049261908605,420,-0.010573369450867176,5.084752,0.009841519,0.19753086419753085,1.0,0.007629139947016564,-0.34556272148484135,-0.35086069808066966
-38.725418,20000,0.032388497,-1.324744,1.3835813,0.076295204,-0.016562436,-2.7063308,2.9371226,0.35330462,-1.1368683772161604e-17,-3.537702391738528,4.975938895441225,0.9999699789823356,-0.03550581841051217,-0.2704542617344138,0.2842895292865979,0.006744499653370494,440,-0.009175829589366913,5.0883045,0.012062479,0.19753086419753085,1.0,0.009624888370987243,-0.42587923584297704,-0.4735328918521504
-32.8255,20000,0.028396713,-1.249139,1.6331605,0.07815218,-0.03388767,-2.8101892,2.824593,0.35510778,4.831690603168681e-17,-4.0835703674371295,3.4751376509033483,0.9999740197648247,-0.030966454566309608,-0.34655998504205515,0.26103491386649125,0.009174208343642984,460,-0.010061533190310001,5.0721226,0.018292222,0.19753086419753085,1.0,0.012490095669505367,-0.34669894057506934,-0.35356729017697686
-45.070835,20000,0.0336773,-1.4625698,1.5309019,0.07705649,-0.033496488,-3.0401006,2.7754116,0.35350725,-2.842170943040401e-17,-3.5699321087550113,4.728273156232422,0.9999699088998419,-0.050501051077749375,-0.27787353366212897,0.2971106847324237,0.008398781790178335,480,-0.010688685812056065,5.0182886,0.010176405,0.19753086419753085,1.0,0.012598345858771752,-0.500001972983168,-0.42807236090835765
14.717321,20000,0.027182579,-1.3389438,1.3731376,0.07615093,-0.0392491,-3.0846689,2.750456,0.3466685,-1.1368683772161604e-17,-3.2754432956062063,4.301098688372452,0.9999733542402122,0.006183009744583013,-0.23739965009107328,0.31843697761290934,0.009591543446193307,500,-0.010580760426819324,4.983383,0.016383171,0.19753086419753085,1.0,0.015041355837157464,-0.5473636400092432,-0.4312953700922111
50.593452,20000,0.023904392,-1.2507969,1.5199542,0.07435629,-0.05346461,-2.8419495,2.7841372,0.34960178,-1.7053025658242403e-17,-3.4314352089269975,4.080707569388423,0.9999724122267578,0.03783380569030134,-0.184743992312894,0.3561021890521253,0.008778389475648294,520,-0.01250637136399746,4.956126,0.017466025,0.19753086419753085,1.0,0.013350005372250107,-0.5106571633334724,-0.44737336324294286
53.275597,20000,0.020803679,-1.3741841,1.4714518,0.078367025,-0.0633295,-2.915596,3.0034752,0.35309672,-2.2737367544323207e-17,-3.615983897430603,3.665052919860542,0.9999747549830943,0.034928746246222525,-0.24490005482769428,0.3592267953886702,0.013525918249391672,540,-0.011679911985993385,4.9243126,0.015666468,0.19753086419753085,1.0,0.021110974686736478,-0.5597969794904405,-0.5154237693586787
95.10474,20000,0.018202888,-1.4290355,1.4650396,0.07768497,-0.06875817,-2.8673706,2.5105174,0.35418892,-5.115907697472721e-17,-3.633845546040189,3.920985166593285,0.9999749189373851,0.07897284252907116,-0.254258156163948,0.4229814680418278,0.013991852747286277,560,-0.012250448577105999,4.917914,0.017969532,0.19753086419753085,1.0,0.02201847022681824,-0.5471083313407517,-0.4521404593151437
126.073654,20000,0.021119043,-1.2933493,1.5326513,0.08046618,-0.06583165,-2.8706222,2.5202055,0.36148977,5.684341886080802e-18,-4.184319588868154,3.6254550150741176,0.9999741886427151,0.09823167877348161,-0.2888318069574261,0.4450681844822284,0.016256047561039662,580,-0.011694145388901234,4.893812,0.017783469,0.19753086419753085,1.0,0.027591143492059177,-0.6902088405609728,-0.55894835492835
117.50413,20000,0.026436811,-1.2162927,1.6237311,0.07848175,-0.06279919,-2.923037,2.9764123,0.35991585,-1.1368683772161604e-17,-3.5969313885856056,3.367193009033228,0.9999744226295064,0.08485503027161594,-0.214703277869239,0.42585510987016595,0.011593295300147525,600,-0.010108592920005322,4.8508587,0.017053615,0.19753086419753085,1.0,0.018251170405602816,-0.5720511268053272,-0.623824751588324
152.16525,20000,0.018998323,-1.4321767,1.4422716,0.0785111,-0.06767796,-2.8802044,2.7546797,0.36001503,-2.2737367544323207e-17,-3.2664962718313624,3.63351338355081,0.9999750869362158,0.11985776900508797,-0.08990347833909128,0.4474703199709731,0.011716326613895213,620,-0.0109655000269413,4.815823,0.0126196155,0.19753086419753085,1.0,0.018189909970842424,-0.5507379170010653,-0.5317328439946416
204.1891,20000,0.021218142,-1.4423597,1.4639834,0.07852914,-0.07216142,-3.1019518,2.5983036,0.36242786,7.389644451905042e-17,-2.9918220823418573,4.648591125485109,0.9999741234133176,0.16078273134097004,-0.09150986842835396,0.5944577601673747,0.01307942083206167,640,-0.014177864417433739,4.818083,0.0223987,0.2962962962962963,1.0,0.02121978945662799,-0.5742818450025522,-0.5277251864211885
240.51518,20000,0.018892305,-1.3393205,1.6219927,0.081083976,-0.0802046,-3.1413786,2.75359,0.37553737,9.663381206337362e-17,-3.2992645406120715,4.412473850515841,0.9999829987207509,0.19598747566190508,-0.15305455204006518,0.7240039750419454,0.023602105431479888,660,-0.011735728941857815,4.8071795,0.016415259,0.2962962962962963,1.0,0.03343709674189099,-0.4090603148532661,-0.3118052071346311
200.18877,20000,0.026566908,-1.5131038,1.520607,0.0825537,-0.07079524,-3.1914282,2.9594533,0.3787644,0.0,-3.410896336364055,5.061067621195553,0.9999801639223155,0.15300238068335742,-0.28158423226582124,0.6293886428916424,0.02207162510236509,680,-0.011337315663695335,4.80661,0.014634238,0.2962962962962963,1.0,0.03634932704840349,-0.6460637251512924,-0.49280516540374886
233.91028,20000,0.023397472,-1.5886483,1.5352242,0.08246093,-0.0823545,-3.011962,2.860745,0.3889972,2.842170943040401e-17,-4.034792096243653,3.8341736648910247,0.999982053585105,0.17487573706237225,-0.1851437762877958,0.7041925768386341,0.02458453397406087,700,-0.013378748670220375,4.7693715,0.014437157,0.2962962962962963,1.0,0.03804656819859991,-0.5473879687300598,-0.5096940145678346
288.59518,20000,0.02483754,-1.3128645,1.5405378,0.083088264,-0.08089449,-3.0393615,2.628799,0.38839653,1.7053025658242403e-17,-3.4756552329852366,4.318654563307461,0.9999820966032777,0.21941692310557645,-0.07603589273782857,0.7346321453915327,0.025818684846876137,720,-0.011199571192264557,4.7402763,0.012185886,0.2962962962962963,1.0,0.04009611545463167,-0.5433955282607266,-0.5346729853183598
354.19666,20000,0.018154932,-1.5188421,1.4922166,0.0825618,-0.09505788,-3.1963806,2.4787111,0.38941813,-2.2737367544323207e-17,-3.014696497762676,3.1869665848794964,0.9999829855765916,0.2820538509742151,-0.11192294790374781,0.7248007659879447,0.03015731310926086,740,-0.01261337660253048,4.736698,0.012927057,0.2962962962962963,1.0,0.04703885112439367,-0.5421454271215396,-0.436176349754656
355.29034,20000,0.019653123,-1.481899,1.7050233,0.08324713,-0.09789202,-3.2827792,2.6082416,0.38787118,-4.5474735088646414e-17,-3.4092930991735457,3.428508045554894,0.9999815857941059,0.28179231072469785,-0.08724412810252286,0.705587895393615,0.02999975668813742,760,-0.014053190127015114,4.736512,0.018691717,0.2962962962962963,1.0,0.050952811150192755,-0.697185310790023,-0.5705400021283729
443.46246,20000,0.019215723,-1.5644048,1.6405828,0.082776226,-0.10004524,-3.067126,2.8187408,0.38898766,1.1368683772161604e-17,-3.5412473861157037,3.4534062216574064,0.9999849733889885,0.35031467559406204,-0.09485901029639357,0.8945929831539611,0.047836560977266664,780,-0.011814620345830917,4.7136407,0.016826853,0.2962962962962963,1.0,0.07427544522462398,-0.5338002637498596,-0.43767028340409264
479.41977,20000,0.013867017,-1.5907426,1.5436051,0.08282046,-0.116392925,-2.9443207,2.8052015,0.395053,8.526512829121202e-17,-3.6971903070252794,3.0940517884811394,0.9999855156924424,0.3892342057002281,-0.1338125587436989,0.8431389328886122,0.050523706568774376,800,-0.012811683118343353,4.7238593,0.015767042,0.2962962962962963,1.0,0.08455962172987508,-0.6729771207303898,-0.434924123811153
574.97894,20000,0.01321017,-1.5487167,1.7602144,0.082639016,-0.12499622,-3.2290463,3.0000985,0.4030141,3.126388037344441e-17,-3.7155076660569764,3.510863356971913,0.9999853310037881,0.4633453321456989,-0.043919910933589545,0.9679121153116241,0.04823746125980767,820,-0.012305065989494324,4.7150173,0.019908749,0.2962962962962963,1.0,0.08140045385398754,-0.6784525061807254,-0.6285322018316353
519.7733,20000,0.016568882,-1.4391888,1.6326026,0.08796106,-0.10898084,-3.1280243,2.8242683,0.41660365,-2.2737367544323207e-17,-4.201923233274109,2.872785802067093,0.9999872103440386,0.4124475292410092,-0.3246156298513199,0.8964212870472107,0.08064587333098114,840,-0.010897071100771427,4.7026815,0.011652605,0.2962962962962963,1.0,0.1372061824638217,-0.6987576335863068,-0.4962180999597241
585.78235,20000,0.0211798,-1.4568516,1.6832476,0.08651695,-0.10945148,-3.3497818,2.4605398,0.4189818,1.1368683772161604e-17,-4.531229188452672,3.1399495014893897,0.9999864368768847,0.4781352445597173,-0.0401888180462371,0.9241865348914512,0.06641420726251208,860,-0.01214306615293026,4.7064457,0.015205977,0.2962962962962963,1.0,0.11558550553248488,-0.7277839596530933,-0.6054559712607472
570.74133,20000,0.023500549,-1.5822102,1.687739,0.08599576,-0.10147418,-3.3379662,2.833301,0.42627776,5.684341886080802e-18,-4.205353296046796,3.7682536990628175,0.9999864908033478,0.45583645221350433,-0.09468653048778437,1.0126741152000558,0.06947927497548563,880,-0.01024624239653349,4.698028,0.010057548,0.2962962962962963,1.0,0.12013546597458238,-0.7290830831033364,-0.7451078972367562
642.8755,20000,0.017596232,-1.4893339,1.5304475,0.08507868,-0.11423538,-3.0619714,2.8423965,0.43071628,2.842170943040401e-18,-3.8531580696563066,4.419398487959929,0.9999864271562771,0.5135343771329375,-0.04611204497544244,1.1267170359288121,0.0655414476701667,900,-0.01417888980358839,4.6585836,0.021606836,0.4444444444444444,1.0,0.10595732525848647,-0.6162513388505035,-0.6113535990101173
696.2554,20000,0.023153586,-1.4141152,1.5929073,0.08568233,-0.10127287,-3.6446185,2.6353488,0.42968276,-2.2737367544323207e-17,-3.2698206324928742,3.282993434868415,0.9999894893595236,0.5504863591492597,-0.048517441448423765,1.246508343109543,0.0997369655780239,920,-0.010198934003710747,4.631857,0.010171166,0.4444444444444444,1.0,0.16283185645667794,-0.6310799331284003,-0.48890544897377675
696.02893,20000,0.025866613,-1.325975,1.5766978,0.08742705,-0.10344859,-2.939626,3.0855067,0.43939945,-2.842170943040401e-17,-4.316461199245809,3.3846999242948574,0.9999887781362193,0.5640838438288065,-0.07208066599771215,1.2988368411951399,0.08287679559099047,940,-0.011224624700844288,4.6235795,0.010662344,0.4444444444444444,1.0,0.1460205192345573,-0.7600730617140325,-0.666871415930052
776.5152,20000,0.020965964,-1.3984246,1.5728679,0.08715825,-0.118383124,-3.1626856,2.6634943,0.4421991,-2.2737367544323207e-17,-4.24377127892266,3.5358357884784226,0.9999889583723718,0.6388636047956233,-0.04638007628347177,1.19645841796249,0.09030301330530652,960,-0.010944953188300133,4.6054535,0.012282425,0.4444444444444444,1.0,0.1494503976659018,-0.6455258081797559,-0.6321913622397168
827.60254,20000,0.022423591,-1.4378492,1.5565333,0.087692544,-0.1212871,-3.191969,3.121407,0.44919932,2.2737367544323207e-17,-4.121388613376508,5.847019935879913,0.9999892397395627,0.6776056685825257,-0.05549635086793566,1.4537320447144766,0.10235359559841078,980,-0.010327421128749847,4.5916843,0.009691645,0.4444444444444444,1.0,0.17333924850801452,-0.6926436803699929,-0.6655682339934208
798.6769,20000,0.025996067,-1.4128197,1.736998,0.0887123,-0.11398766,-3.1380746,2.8855822,0.44738433,-4.5474735088646414e-17,-4.092006204549581,2.9113248594204197,0.9999904967953551,0.6448378121707172,-0.036066773121352314,1.3983991649128442,0.12989577228276158,1000,-0.01085301861166954,4.583313,0.0127149,0.4444444444444444,1.0,0.214232113470013,-0.6492003031244509,-0.5721972696585236
946.0419,20000,0.026101856,-1.4335788,1.5167624,0.09056662,-0.120864764,-3.1759052,3.021254,0.46478716,0.0,-4.031558821084843,3.1409550863642153,0.9999904252634926,0.757292163973394,-0.040938988003299134,1.5500191649665602,0.1390440819663108,1020,-0.01145564578473568,4.579459,0.01144263,0.4444444444444444,1.0,0.23679538448092144,-0.684839472691716,-0.6209893060171061
950.74884,20000,0.02526179,-1.7131627,1.6611001,0.091295786,-0.124110766,-3.0029984,3.2556736,0.4742283,-5.115907697472721e-17,-4.461942902504518,3.6124336008606743,0.9999907118314731,0.7812841712755297,-0.049315274176937436,1.5054079780911176,0.13941953524697087,1040,-0.010251889936625957,4.5556674,0.008752172,0.4444444444444444,1.0,0.2309768319043066,-0.6567005691671357,-0.6324920619765431
989.46014,20000,0.02728721,-1.4420335,1.636393,0.09481328,-0.11577142,-3.2372215,3.0295231,0.48016152,5.684341886080802e-17,-4.873045227748141,2.7592388170484967,0.9999923943034144,0.7971145629259888,-0.2996812313548842,1.6313516371214751,0.19276628794017056,1060,-0.011430969461798668,4.5414615,0.011115587,0.4444444444444444,1.0,0.33076528397899907,-0.7145492457948,-0.49545315583579663
1089.4795,20000,0.02513918,-1.5877669,1.5602616,0.091013685,-0.12806202,-3.2160575,2.9513083,0.47552702,-1.4210854715202004e-18,-4.612195300316423,3.9898416986560137,0.9999912034455652,0.8866141877085404,-0.08832661741751738,1.6759527455483845,0.16145381835931327,1080,-0.00969669222831726,4.507658,0.008868134,0.4444444444444444,1.0,0.26960465237531694,-0.6666351576477878,-0.6350843283956413
1032.7511,20000,0.029142087,-1.6544905,1.7174963,0.09117518,-0.114363045,-3.3240418,2.9392757,0.4717087,1.1368683772161604e-17,-4.171608341573289,3.4089913328797814,0.9999916520379949,0.8235987687606737,-0.10474763433264427,1.6446039995238153,0.16820252426999088,1100,-0.012225102633237839,4.5088243,0.010326861,0.4444444444444444,1.0,0.2930901804069478,-0.7408363953976962,-0.7116543027457525
1025.047,20000,0.02885015,-1.6128709,1.5913545,0.09101221,-0.11323661,-3.3442945,2.9611006,0.4734485,-2.842170943040401e-17,-3.5539293412472475,3.0799887220733315,0.9999914347300477,0.8167031574718988,-0.07029012107310012,1.5637000249997108,0.15418659543833105,1120,-0.009939685463905334,4.5008364,0.009184865,0.4444444444444444,1.0,0.2698881499732115,-0.75029671719318,-0.8203817672887288
1154.9417,20000,0.027539328,-1.5463966,1.4853145,0.09162839,-0.12697294,-3.215494,3.1710904,0.48912334,-8.526512829121202e-17,-4.252447120700007,3.0867975986508345,0.9999913587523365,0.9443237308360234,-0.024486226022766257,1.7647288203042626,0.17623869739368614,1140,-0.01090313121676445,4.478424,0.010662593,0.4444444444444444,1.0,0.28343392565641,-0.5949353757715938,-0.6007883417587325
1217.0354,20000,0.024146756,-1.5476224,1.5417768,0.09306891,-0.13653776,-3.2091427,3.1212907,0.49665228,-2.2737367544323207e-17,-6.544353224364391,3.0150069621057423,0.9999908156000056,0.9830195681399738,-0.3413323751328749,1.8352019916465923,0.21023814729831092,1160,-0.011846424080431461,4.4665675,0.014305897,0.4444444444444444,1.0,0.38372025246031577,-0.8230305920222498,-0.5880735182353587
1173.3125,20000,0.028220063,-1.4278302,1.5759774,0.09483948,-0.13042305,-3.5718043,3.29041,0.5000906,0.0,-5.675573711608993,3.054379928297855,0.9999918066787288,0.9492717149467415,-0.32922800936680374,1.8143414543855452,0.2538311711850384,1180,-0.01132096629589796,4.4230638,0.01083886,0.4444444444444444,1.0,0.43919387557869455,-0.7302112898014632,-0.780337709963558
1308.9167,20000,0.022506105,-1.6049408,1.4905429,0.08935748,-0.15969615,-3.077883,3.0122683,0.49499917,-5.684341886080802e-18,-4.583627809691124,3.990839146581504,0.9999908769400078,1.0608601505231738,-0.044940189896892684,1.8190455175779572,0.189107674430213,1200,-0.01046567503362894,4.3842325,0.009817551,0.4444444444444444,1.0,0.31915658526125457,-0.6843086796366289,-0.6214613902972774
1264.4211,20000,0.026092838,-1.753805,1.6807034,0.09123913,-0.14905283,-3.7366712,3.4965107,0.4986813,-1.1368683772161604e-17,-3.983875798962404,2.806518945611572,0.9999926274742671,1.0276757277848874,-0.11185340956221623,1.9128960990947885,0.24750141948030274,1220,-0.010432180017232895,4.3649173,0.01106772,0.4444444444444444,1.0,0.4172956956721182,-0.6858806256246914,-0.6077666067533896
1454.333,20000,0.023774216,-1.5849241,1.6977018,0.089067176,-0.1581732,-3.4268029,2.9841743,0.5101476,-3.836930773104541e-17,-5.567459694122491,2.9380034952756096,0.999990728240327,1.1911427590678048,-0.002631667516304571,2.0153907250077587,0.19945346935882227,1240,-0.013362717814743519,4.3542194,0.014102948,0.4444444444444444,1.0,0.3615216209675724,-0.7848238649483452,-0.6565795654192936
1428.4742,20000,0.028970305,-1.5198044,1.4779809,0.095604084,-0.14111717,-3.3881278,3.1120534,0.53849477,9.663381206337362e-17,-6.1545786200947035,3.8277156006351123,0.9999927169066887,1.1635819293234726,-0.3137263193485892,2.0444593867901304,0.30734147770341497,1260,-0.010704239830374718,4.335561,0.009001291,0.4444444444444444,1.0,0.5578575666903454,-0.8124216565347719,-0.6989473670431738
1420.3893,20000,0.027376615,-1.5321641,1.4034867,0.091610804,-0.1503611,-3.190178,2.855216,0.5243827,5.684341886080802e-18,-5.129404055571666,3.0946279953067264,0.9999926561547243,1.1491125056536913,-0.08201018006611524,2.0214851209634404,0.30759331440176135,1280,-0.010214168578386307,4.324,0.008365987,0.4444444444444444,1.0,0.5394881788708136,-0.752040427021555,-0.6798921812391059
1525.8586,20000,0.02985806,-1.5275562,1.6550789,0.09320226,-0.14293249,-3.2028956,3.2125149,0.5351802,-7.673861546209082e-17,-5.037573859831158,3.7142486002010546,0.9999930011139792,1.2428396108229292,-0.07826039901354363,2.1276376600412665,0.3047411997446564,1300,-0.010200194083154202,4.3019314,0.010973744,0.4444444444444444,1.0,0.5362795045904708,-0.7534664994095917,-0.7285864746519741
1568.2906,20000,0.029289387,-1.6115637,1.4961622,0.0928019,-0.14604507,-3.1186469,2.9491792,0.54043216,-7.105427357601002e-19,-4.781609668928188,3.1016704582647487,0.9999930113925065,1.2752960559856406,-0.020317164234476364,2.1098589039195854,0.3010296306622995,1320,-0.01148422434926033,4.2834177,0.015480512,0.4444444444444444,1.0,0.5182355759318522,-0.7210035036062543,-0.7136224298553284
1518.5691,20000,0.03065956,-1.5647314,1.543636,0.092925765,-0.14132544,-3.8260183,3.2810514,0.5369091,-1.9895196601282805e-17,-4.584054610138992,3.6681865208226525,0.9999935205743328,1.2403352827145904,-0.04421319747844736,2.335681246948281,0.302403090918197,1340,-0.00996697973459959,4.266123,0.010275023,0.4444444444444444,1.0,0.533245856391101,-0.7619287157068502,-0.7666842611546025
1565.2097,20000,0.03050645,-1.5311196,1.5874873,0.092468426,-0.1408177,-3.2556627,3.0684211,0.5353927,-1.7053025658242403e-17,-4.689320134822927,2.8528881881908683,0.9999935525089575,1.2749422580174414,-0.06904608435128501,2.2359684912698268,0.35123625567342986,1360,-0.010205904953181744,4.2572737,0.008497435,0.4444444444444444,1.0,0.597248887725,-0.7000729401980168,-0.6504460667346634
1532.3745,20000,0.03109031,-1.6051899,1.4903321,0.09657902,-0.1321534,-3.1192982,3.4169087,0.5541188,0.0,-5.632274730304396,2.607673849427824,0.9999937694968597,1.2517813220908602,-0.3416570892445896,2.1728953345466784,0.40895300564069004,1380,-0.011027870699763298,4.2391987,0.010866988,0.4444444444444444,1.0,0.7250136354777869,-0.7710892147493345,-0.639401995362779
1695.7136,20000,0.03189037,-1.4665928,1.5315332,0.09796032,-0.13783884,-3.3892093,3.0431125,0.57457155,9.094947017729283e-17,-6.434376809271105,3.624792816596665,0.9999931320195278,1.3860807727883917,-0.34214675465317296,2.4011120703066036,0.46513821118722865,1400,-0.010484112426638603,4.217694,0.008417038,0.4444444444444444,1.0,0.8317716113546587,-0.7811756130171892,-0.697517712235201
1651.851,20000,0.031301938,-1.3430109,1.6971122,0.097010165,-0.1421589,-3.185872,3.164505,0.57502604,2.842170943040401e-17,-6.317007380280521,3.478685009692754,0.9999934047115133,1.342747407376226,-0.37137837249314176,2.469559308867153,0.38868140798522366,1420,-0.01114210020750761,4.193757,0.009430364,0.4444444444444444,1.0,0.7067120976097816,-0.8158649399168034,-0.8390571933193649
1736.348,20000,0.030049767,-1.5972981,1.4646232,0.096183196,-0.15209144,-3.3444874,3.0007904,0.5685418,1.1368683772161604e-17,-6.232251132559047,3.4799880340150766,0.9999934041046336,1.4159677232838739,-0.3461306990851692,2.43021381887832,0.4477449834614958,1440,-0.011842984706163406,4.1897025,0.01145563,0.4444444444444444,1.0,0.7672966983288354,-0.7134193350000719,-0.7057688696617774
1620.0466,20000,0.03206899,-1.4465083,1.4350009,0.10059748,-0.13009626,-3.3810337,2.97324,0.58155006,1.7053025658242403e-17,-6.225038447918854,3.734110974688129,0.999993557927159,1.3037745512611194,-0.36349782556112975,2.4796019102730775,0.5723358151165322,1460,-0.010407322086393833,4.156913,0.008109579,0.4444444444444444,1.0,1.0722533522959927,-0.8727072178269779,-0.8217280002808418
1727.0953,20000,0.030161027,-1.6021858,1.4078685,0.09599063,-0.14665188,-3.3234003,2.997564,0.5674123,-2.2737367544323207e-17,-7.158828589209474,3.389114403930453,0.9999930956611772,1.4119372776894534,-0.38123154939820164,2.367073731614989,0.4931011651963176,1480,-0.012670893222093582,4.1250157,0.014934057,0.4444444444444444,1.0,0.8754151006400464,-0.7727919315907827,-0.7852752453652225
1850.7805,20000,0.027832614,-1.5218153,1.4381114,0.09165802,-0.1644194,-3.254823,3.1234746,0.555754,-1.1368683772161604e-17,-5.024996986707781,3.9482431969672698,0.9999927621595293,1.511202930749088,-0.0348053125765205,2.449236075774632,0.3570954227704429,1500,-0.011351294815540314,4.107649,0.011922789,0.4444444444444444,1.0,0.6530755244768998,-0.8285427596700536,-0.7259450810556267
1861.7233,20000,0.029809928,-1.4611158,1.421175,0.096808046,-0.15890102,-3.1741545,3.041941,0.58761954,1.0231815394945442e-16,-7.547031332380589,5.637816000637243,0.9999928298083649,1.528174319778867,-0.35726411958859267,2.4087151358314554,0.4862337870637691,1520,-0.011042319238185883,4.0991926,0.010179656,0.4444444444444444,1.0,0.8874641554095518,-0.8217956581558084,-0.838138583894227
2109.3604,20000,0.025729818,-1.6432868,1.3512886,0.0912785,-0.19129358,-3.2740247,3.0185244,0.58316773,9.094947017729283e-17,-7.44311659835187,6.8136239472264135,0.9999898868437503,1.7362842374753036,-0.030392967616782052,2.528916517768456,0.339025447057449,1540,-0.013207614421844482,4.07704,0.014742878,0.4444444444444444,1.0,0.6420175868735397,-0.8852543849417946,-0.746258172439831
2068.829,20000,0.026967993,-1.5894132,1.3840184,0.092145704,-0.18743134,-3.192835,3.1689165,0.58971566,0.0,-5.176683945680396,4.450292184948629,0.9999919447682055,1.7017024790363842,-0.04082779562105574,2.580212270704148,0.3822515861601136,1560,-0.01219705305993557,4.0573473,0.012889719,0.4444444444444444,1.0,0.7185527679628173,-0.8796250963061296,-0.8622802689181661
1933.653,20000,0.032802697,-1.5143623,1.5420799,0.098439746,-0.15696199,-3.1726108,3.308508,0.6161427,-2.2737367544323207e-17,-6.091304693646145,3.1225649951929624,0.9999946552437836,1.5677877083670138,-0.38334736098003763,2.649111319574414,0.643280135944125,1580,-0.010849352926015854,4.0517406,0.009906163,0.4444444444444444,1.0,1.1886947680822033,-0.8474785768018172,-0.7888628063874514
2042.8547,20000,0.030569157,-1.5340276,1.3225498,0.09672822,-0.16747572,-3.213248,3.4349384,0.6217022,0.0,-6.7253210097064615,4.632960586640582,0.9999940910965699,1.6562332933417012,-0.3849313845326688,2.690789196895091,0.5605971593101462,1600,-0.010143017396330833,4.035572,0.008657674,0.4444444444444444,1.0,1.0266743916764123,-0.8301043468601996,-0.843560222905237
2129.4172,20000,0.029083405,-1.579168,1.524081,0.092761084,-0.18124862,-3.1653626,3.4210658,0.61578995,0.0,-6.464856535612868,5.9355145792371795,0.9999932527663646,1.737675963084659,-0.07118839242591167,2.7786722065264287,0.4691487038007477,1620,-0.011606534011662006,4.023793,0.01282881,0.4444444444444444,1.0,0.8348858763168346,-0.7794266910130567,-0.7317969355534277
2182.769,20000,0.028784739,-1.6126889,1.335273,0.09424927,-0.19025926,-3.4589844,3.3762267,0.63487685,0.0,-5.830000725295268,4.596282102861586,0.9999935986461048,1.7876225391785288,-0.1283255073797747,2.7315915580164107,0.5185681485711363,1640,-0.011418448761105537,4.008506,0.011263534,0.4444444444444444,1.0,0.9538819587814319,-0.8387649272853668,-0.7240016499708481
2178.6223,20000,0.028485378,-1.6125966,1.4007843,0.09586306,-0.1831016,-3.1550694,3.054705,0.64719325,3.4106051316484806e-17,-7.172932603726323,4.9420023651086105,0.9999929926466666,1.7730312392443541,-0.35020653365992277,2.6816347835180734,0.546570487225744,1660,-0.011911625042557716,3.9651303,0.012973442,0.4444444444444444,1.0,1.0534937685865042,-0.9274552505781923,-0.9183079343422687
2269.635,20000,0.028946668,-1.6452991,1.2649647,0.094133824,-0.18684573,-3.245552,3.3049982,0.6466419,2.2737367544323207e-17,-6.010494907853393,4.536826520310934,0.999993136802775,1.8581154682080894,-0.07859659570976725,2.702629084977925,0.4510752203337924,1680,-0.012046136893332005,3.9231157,0.012332914,0.4444444444444444,1.0,0.822877388303645,-0.824248553763111,-0.8547892827513752
2246.4976,20000,0.03093036,-1.5543699,1.3239064,0.09834013,-0.16951185,-3.513301,3.2672114,0.6726232,0.0,-8.235012746926126,3.47150452540976,0.9999935838135722,1.8601667400483148,-0.3708252132583642,2.961652113749103,0.6975105979462333,1700,-0.012083521112799644,3.9116354,0.012919388,0.4444444444444444,1.0,1.297567572543269,-0.8555827391409794,-0.761123421390073
2463.3857,20000,0.030085893,-1.5159287,1.2975303,0.09486555,-0.18338524,-3.7895193,3.4237218,0.67519194,3.4106051316484806e-17,-6.477423763904262,4.71356927625776,0.9999912036555743,2.0271747390012353,-0.13776206438522418,2.9064358348149577,0.4566017740019666,1720,-0.012368468567728996,3.8947864,0.014968599,0.4444444444444444,1.0,0.878218842849789,-0.922295271500458,-0.8367362412535533
2421.7039,20000,0.030179745,-1.6020292,1.2665992,0.09509649,-0.18550697,-2.9657955,3.2597542,0.676178,-2.842170943040401e-18,-7.260343491760316,4.603839349231402,0.9999921534421337,1.9995125406272174,0.007274768315255642,2.89535620105792,0.43356612211701223,1740,-0.010898491367697716,3.8694067,0.00925815,0.4444444444444444,1.0,0.8186975702420464,-0.886761878823292,-0.9478307128905235
2525.5288,20000,0.031568557,-1.5256238,1.2490343,0.094957344,-0.18521887,-3.704285,3.0933838,0.6795309,-8.526512829121201e-18,-6.223464477241883,7.47332283079406,0.9999917357190404,2.0839882573769106,-0.1032816896350855,3.0213567593116992,0.51289654904539,1760,-0.011531513184309006,3.8278952,0.01232426,0.4444444444444444,1.0,0.9490077547189281,-0.8430223396866754,-0.7614592634167137
2616.1848,20000,0.032122314,-1.740638,1.4963078,0.09596765,-0.1818398,-3.417033,3.5410604,0.6931894,-2.2737367544323207e-17,-7.630057626580769,5.30866561723709,0.9999905914927012,2.1498483530484456,0.007528552785515785,2.9940748823768146,0.49266256917475937,1780,-0.010433653369545937,3.8129559,0.008891787,0.4444444444444444,1.0,0.9188336278665711,-0.864256809206567,-0.8524029195803762
2520.0981,20000,0.031630646,-1.5224441,1.3007656,0.09482696,-0.18455061,-3.1763868,3.1650796,0.68446755,-3.4106051316484806e-17,-7.319504008282647,4.2228533343100505,0.9999927877717704,2.064357347594018,0.005117917433381081,3.0932992931973997,0.5208788865981522,1800,-0.012462051585316658,3.7928,0.013997958,0.4444444444444444,1.0,1.0067335400444164,-0.9326565813695307,-0.8706090041843708
2669.0806,20000,0.0322489,-1.6500162,1.4836289,0.09487193,-0.18615444,-3.1932316,3.1346633,0.6921783,1.7053025658242403e-17,-6.378866676388344,5.980360717754851,0.999990310834931,2.1996673708432515,-0.030796621777677637,3.118044333979328,0.520273221104261,1820,-0.010840313509106636,3.7722912,0.011680046,0.4444444444444444,1.0,0.9612805428725016,-0.8413254018955079,-0.8532507726500265
2601.049,20000,0.032922026,-1.503869,1.2746623,0.09724687,-0.17114678,-3.0531223,3.1889195,0.7043038,-8.526512829121201e-18,-8.724627871171643,4.064740543833406,0.9999933169381414,2.1307792797354757,-0.40584204668417373,3.0937466738238615,0.6699952295898457,1840,-0.010948993265628815,3.752514,0.009684219,0.4444444444444444,1.0,1.268348661219122,-0.8928926645751654,-0.8207405641717564
2707.02,20000,0.032128334,-1.543202,1.2463733,0.09602275,-0.19000655,-3.3128045,3.4487197,0.710732,-2.2737367544323207e-17,-5.246468970547346,4.802698792702034,0.9999916254712061,2.226631735143177,-0.10124271092152272,3.1839034423664803,0.5530648723139848,1860,-0.013625891879200935,3.7200708,0.016162995,0.4444444444444444,1.0,1.0371126374535922,-0.8748012096744158,-0.8462159104050642
2476.6672,20000,0.03579095,-1.5309836,1.2908703,0.104564786,-0.1502348,-3.1298497,3.2966027,0.73965526,-5.684341886080802e-18,-6.560337956741985,2.4406631519642406,0.9999954113544387,2.0071616906187897,-0.41820028561034345,3.241063032283046,1.095312093517593,1880,-0.011291062459349632,3.7159576,0.010596732,0.4444444444444444,1.0,2.0380488339593716,-0.8604690637950292,-0.8798083677006714
2641.0354,20000,0.032582927,-1.4449885,1.2357682,0.09836285,-0.18184087,-3.1769428,3.4732833,0.725033,1.7053025658242403e-17,-7.825770209778765,4.692325104652979,0.9999940718134912,2.163654378120607,-0.3906171576811923,3.1699299114093162,0.7978557996169326,1900,-0.011006112210452557,3.7095938,0.011513782,0.4444444444444444,1.0,1.4734547708505017,-0.8467326234441499,-0.8069258175317977
2661.732,20000,0.031780683,-1.5803216,1.2244807,0.09737692,-0.18154359,-3.49211,3.3567572,0.7183518,2.2737367544323207e-17,-9.230836469518017,3.4505813894995523,0.9999935558302743,2.1717670533164295,-0.3993808895737812,3.307768204507329,0.7830227621045914,1920,-0.009499773383140564,3.6980863,0.008789737,0.4444444444444444,1.0,1.4756185948189646,-0.8845134169367652,-0.8561004303466617
2705.775,20000,0.029802809,-1.3771963,1.2001411,0.09309023,-0.19049096,-3.211133,3.030816,0.7073168,-1.1368683772161604e-17,-7.954985525447238,6.610736533155858,0.9999920719152032,2.2318085638090337,0.007730094715952873,3.1481887456262645,0.5527588667296237,1940,-0.013356735929846764,3.6972876,0.014561997,0.4444444444444444,1.0,1.0703918138850166,-0.9363904678661301,-0.8901406584099052
2860.602,20000,0.030901793,-1.5009509,1.2773284,0.09442945,-0.19430494,-3.6179636,3.2911277,0.741185,4.263256414560601e-17,-6.752022983975971,8.132461518707398,0.9999899879036364,2.3531567997775857,-0.047332866802536296,3.232775771103627,0.5491302690335446,1960,-0.01213485561311245,3.6580157,0.012985877,0.4444444444444444,1.0,1.0503328870156727,-0.9088676516689826,-0.917691146306282
2884.4604,20000,0.032139376,-1.6926188,1.2349921,0.09551914,-0.19024476,-3.8459203,3.401337,0.7467046,-1.1368683772161604e-17,-5.532661550223952,10.932738722477838,0.9999920067218314,2.3686535222508907,-0.23438643394286193,3.3518700599349183,0.6666380842757923,1980,-0.014508361928164959,3.5974274,0.018400371,0.4444444444444444,1.0,1.2588086682285,-0.8870805019943493,-0.7994529885114878
2878.593,20000,0.031769637,-1.6896379,1.239514,0.09663519,-0.19478254,-3.2436378,3.3112779,0.75374365,2.2737367544323207e-17,-7.732651845884328,2.7979294406426756,0.9999935056437813,2.35235513593075,-0.3472938827046281,3.4575630069288135,0.7195499375706061,2000,-0.01178999338299036,3.5711174,0.014718015,0.4444444444444444,1.0,1.3449863588973663,-0.8692048736863458,-0.8533616722271475
2886.562,20000,0.033715867,-1.5599353,1.22766,0.09899784,-0.18578044,-3.4284728,3.493517,0.7628727,-3.979039320256561e-17,-9.34008899827561,5.802556545044942,0.9999935032907062,2.3673479755806324,-0.4234206343447049,3.4384881680811983,0.7883481007662525,2020,-0.011186470277607441,3.5647588,0.012111294,0.4444444444444444,1.0,1.517650281737381,-0.9244146043165662,-0.869085844513489
2845.5571,20000,0.03356907,-1.4248651,1.2796254,0.09895649,-0.17725557,-3.3443003,3.2888138,0.7541252,5.684341886080802e-18,-9.27574731820199,2.4866000941248854,0.9999939432053103,2.3228944394021314,-0.44854204444180684,3.597628260305751,0.9112991095165206,2040,-0.010916993021965027,3.533485,0.007882994,0.4444444444444444,1.0,1.710526949229906,-0.8769966106800406,-0.8574322558883003
2746.479,20000,0.034433264,-1.5677748,1.4360484,0.099696904,-0.17040141,-3.202112,3.5894427,0.74952406,-3.4106051316484806e-17,-8.297249337366715,3.965262684163996,0.9999946696354131,2.2300657489136415,-0.45238793421309625,3.433593949564851,0.9765556990791172,2060,-0.01327069103717804,3.5229888,0.017351918,0.4444444444444444,1.0,1.8506810566786949,-0.8938572731547172,-0.8514014244012262
2975.1187,20000,0.03301755,-1.4299573,1.2414569,0.09532426,-0.18790318,-3.2728655,3.4401152,0.7416823,4.5474735088646414e-17,-5.922699183049729,5.834631549786846,0.9999930554588738,2.4315238013201186,-0.11184732331505655,3.559745945184933,0.7547087652026838,2080,-0.012439660727977753,3.4931068,0.011540262,0.4444444444444444,1.0,1.3953505897585994,-0.848255331509437,-0.8015412995092508
3041.9946,20000,0.033423826,-1.4735166,1.4916341,0.097545825,-0.19072257,-3.2849758,3.3818407,0.7707861,-5.684341886080802e-18,-8.721364937967223,5.93758638914924,0.9999932016053698,2.501854444838824,-0.41781267693515045,3.6138712274505234,0.753594927686128,2100,-0.010497630573809147,3.486133,0.0093476465,0.4444444444444444,1.0,1.4253734075682163,-0.8877676730100714,-0.8703631757279806
2878.9922,20000,0.03596055,-1.4724779,1.2848747,0.10260245,-0.16531481,-3.2944467,4.009637,0.78652316,2.2737367544323207e-17,-7.738472345848057,5.123334428550833,0.9999950772996102,2.3316825061060404,-0.46024131107767746,3.548099865944688,1.1441226413877092,2120,-0.011939682066440582,3.485896,0.011362936,0.4444444444444444,1.0,2.1823817318882037,-0.9057783595942168,-0.8634059155158087
3020.8945,20000,0.03351278,-1.5448092,1.324713,0.09721283,-0.18315785,-3.5528538,3.3905518,0.7639001,7.105427357601002e-18,-8.64173854935711,8.609928343970946,0.9999938293984498,2.4724791231328207,-0.44315420785966325,3.595379606101594,0.7799376843737394,2140,-0.01260351948440075,3.4714212,0.013170209,0.4444444444444444,1.0,1.4869077180701185,-0.906359244525478,-0.8886437037656818
2958.8374,20000,0.03561494,-1.4487381,1.3285905,0.101647526,-0.1633002,-3.504445,3.345399,0.7911032,-2.842170943040401e-18,-10.4489683347195,5.631169853221121,0.9999938236245509,2.4202267016355914,-0.45416009048199996,3.6168705442524036,1.1341036086084442,2160,-0.011200807988643646,3.4395008,0.011185367,0.4444444444444444,1.0,2.115282021766,-0.8646354436191808,-0.9030657814364147
3005.5435,20000,0.034829505,-1.5147053,1.2744895,0.09973657,-0.1709691,-3.3514695,3.779096,0.7851212,-2.842170943040401e-17,-10.340302670199625,5.455641439233794,0.9999938417484252,2.466201845762213,-0.498875013669936,3.5227279624515515,0.9946118463022687,2180,-0.01054889615625143,3.422277,0.009955737,0.4444444444444444,1.0,1.9281382621807424,-0.9385630525990678,-0.8572443663451934
3155.9236,20000,0.034024786,-1.6139971,1.2391794,0.095708676,-0.18273988,-3.4355023,3.283644,0.7653878,0.0,-7.082525674846456,6.5763448134801825,0.9999923426829042,2.5989806862540092,-0.18199537836811297,3.7323105500883034,0.7636621872676784,2200,-0.0113895945250988,3.3813457,0.0101665575,0.4444444444444444,1.0,1.4286309144430358,-0.8698046485190409,-0.8756123684804753
2988.499,20000,0.036362782,-1.3756024,1.3001604,0.101552755,-0.15565477,-3.0978901,3.3283842,0.78491527,-3.4106051316484806e-17,-8.283617539978053,3.779114476351946,0.99999491037687,2.4464271579909407,-0.47478730709356093,3.693700409203101,1.2063205426964019,2220,-0.010876258835196495,3.3420115,0.010979242,0.4444444444444444,1.0,2.3196125385048854,-0.9227746729221096,-0.8694924859687847
2832.8416,20000,0.038100712,-1.3993158,1.3137392,0.103849165,-0.13254163,-3.2755258,3.2900066,0.7844,2.2737367544323207e-17,-8.353036644755907,5.302379621803816,0.9999951902805293,2.307152169206465,-0.4686786833035857,3.687223352419844,1.5777761913900752,2240,-0.011470112949609756,3.349554,0.010663212,0.4444444444444444,1.0,2.970331191534378,-0.8825622719766506,-0.9099276590090066
3273.7512,20000,0.033668846,-1.4172126,1.207648,0.09545526,-0.18100238,-3.315833,3.2437806,0.77290744,-3.4106051316484806e-17,-8.891021651438818,7.733756658285002,0.9999914433619033,2.7055489709235427,0.003894607536494732,3.6397132194592627,0.6817161068680694,2260,-0.011753475293517113,3.306666,0.011069983,0.4444444444444444,1.0,1.3521418358469839,-0.9699287315630318,-0.9351444349938343
3152.3599,20000,0.03446679,-1.3734993,1.3527436,0.09636309,-0.17164253,-3.0199404,3.7040892,0.7694626,5.684341886080802e-18,-6.948173058413285,5.692345282353988,0.9999950693123204,2.5858059608732225,-0.34887327320420913,3.7437018509948214,1.034396694141239,2280,-0.011846271343529224,3.2652388,0.010605516,0.4444444444444444,1.0,1.955450702662441,-0.890286648365163,-0.7791358081495747
3233.189,20000,0.034684286,-1.4300424,1.2205633,0.0966611,-0.17213681,-3.622753,3.3802571,0.7812566,-2.2737367544323207e-17,-9.8771803177853,9.380852427728327,0.9999935978069929,2.660474557861547,-0.38961695777593164,3.926796328695823,0.9247899763373131,2300,-0.013197217136621475,3.2417622,0.012811752,0.4444444444444444,1.0,1.7559260072312686,-0.8982992795323343,-0.9611363565965418
3309.6929,20000,0.03243161,-1.6969647,1.2376711,0.093663424,-0.18565659,-3.3757534,3.4213364,0.7671454,-9.094947017729283e-17,-6.974590182882605,11.99725092957473,0.9999907306926807,2.745131769855033,0.008588983677327633,3.711245304767836,0.7088849462904687,2320,-0.0145997554063797,3.223361,0.011495515,0.4444444444444444,1.0,1.345683190289457,-0.8982667293047393,-0.9932540293592542
3288.896,20000,0.03421416,-1.4563972,1.2510208,0.09425756,-0.1735071,-3.531682,3.2112136,0.7656944,1.1368683772161604e-17,-7.6859389610665465,7.002943750414641,0.9999921059711884,2.7040435355051837,-0.08087384794361865,3.7447255552137615,0.8327144143785151,2340,-0.01193845272064209,3.2045565,0.014764116,0.4444444444444444,1.0,1.5967573043641734,-0.9171142086172361,-0.8285505762374554
3115.3882,20000,0.035891064,-1.3257228,1.2684493,0.094082035,-0.15873668,-3.0549831,3.4259162,0.75270325,-1.1368683772161604e-17,-6.5316145936563705,3.381676101272441,0.9999956125698815,2.561374291511418,-0.019152737074041526,3.7926003018459196,0.9190927879383353,2360,-0.011896115727722645,3.1516495,0.01145328,0.4444444444444444,1.0,1.7236935580702877,-0.8748533725838785,-0.8763700205273812
3181.4062,20000,0.035321817,-1.4094374,1.3070729,0.095743984,-0.14976728,-3.140679,3.454664,0.76170796,-2.2737367544323207e-17,-9.228279872627494,6.441537983335108,0.9999942911898246,2.601161048006686,-0.45031262727712773,3.7801632595086025,0.9690544975220502,2380,-0.011493444442749023,3.1313267,0.011939992,0.4444444444444444,1.0,1.8452649739161993,-0.9041677604237159,-0.8957285118426386
3105.4084,20000,0.035605766,-1.575013,1.3015714,0.09591761,-0.14442472,-3.080726,3.5920386,0.7521344,1.1368683772161604e-17,-9.173683025364506,5.871735215951694,0.9999944895074298,2.5552062383521044,-0.4665097616658261,3.7427857562017137,1.0591972483912526,2400,-0.011073445901274681,3.118638,0.009846766,0.4444444444444444,1.0,2.0297827698818844,-0.916201145974731,-0.9239579847159343
3238.2466,20000,0.03531027,-1.402293,1.2517716,0.09651691,-0.15178832,-3.040236,3.3863268,0.7689597,0.0,-7.968367584010336,3.9173770461088733,0.9999941546651955,2.64474699114513,-0.37179158395101863,4.10520596125832,1.0201315979537122,2420,-0.011579297482967377,3.115469,0.012205771,0.4444444444444444,1.0,1.8766817828726539,-0.8386937047732408,-0.859767862325542
3024.3464,20000,0.03895864,-1.3239965,1.2756925,0.10164619,-0.120843075,-3.0546992,3.7878442,0.78554505,1.7053025658242403e-17,-8.350282941259003,4.928010610936328,0.9999953161524665,2.460753353674534,-0.46445915923069925,3.8195981160114996,1.6033828028079515,2440,-0.012278318405151367,3.1181564,0.01158987,0.4444444444444444,1.0,3.069444300005093,-0.9142467565533547,-0.8193544855558399
2814.2954,20000,0.040609322,-1.3447335,1.2904387,0.10403074,-0.0968508,-3.3461971,3.3000998,0.7783928,1.4210854715202004e-17,-7.313589111842118,4.061357073438912,0.9999957889080994,2.2906034547632,-0.46491925604022455,3.9879193538209328,1.853169104949389,2460,-0.012691497802734375,3.1063175,0.011049434,0.4444444444444444,1.0,3.5541668772938126,-0.9178803541201097,-0.9125431098395322
3358.334,20000,0.034633975,-1.5555893,1.2459595,0.09348055,-0.15835816,-3.1600926,3.3299694,0.7656319,3.694822225952521e-17,-8.959583860556581,7.705138092475039,0.9999938175755113,2.7655483860167283,0.009648330509662628,4.179193879273209,0.8560665476943259,2480,-0.013441400602459908,3.1036577,0.011847176,0.4444444444444444,1.0,1.6205868945636681,-0.8914082238441114,-0.9485437091677222
3390.5503,20000,0.033777636,-1.46393,1.2034609,0.09324528,-0.16287497,-3.3261676,3.2999334,0.7718396,1.7053025658242403e-17,-6.893810580194517,8.856617427912958,0.9999918291996346,2.7976053541256745,0.010060839354991913,3.763181134958964,0.7866900278961639,2500,-0.012621454894542694,3.1131992,0.010950835,0.4444444444444444,1.0,1.551227613479592,-0.9718250400540884,-0.940238513461622
3459.0872,20000,0.034002792,-1.4526529,1.3951099,0.09410692,-0.16988744,-3.0036087,3.6661181,0.79894024,-3.4106051316484806e-17,-5.478684740416334,6.186079815418736,0.9999891061947906,2.867361478275724,-0.06380605424928162,3.8771775604378895,0.8111098320267504,2520,-0.012752056121826172,3.0827131,0.014338247,0.4444444444444444,1.0,1.555588187444707,-0.9174633523372617,-0.9355089185362355
3404.0845,20000,0.035391904,-1.2965027,1.3195022,0.09338507,-0.15961017,-3.3317807,3.1755717,0.78984374,2.2737367544323207e-17,-8.76423716845101,4.905767063296274,0.9999939950600522,2.811629314342664,-0.2281386087202682,3.888394667428569,0.9828597151160542,2540,-0.012837883085012436,3.0452452,0.014675654,0.4444444444444444,1.0,1.8664509860206366,-0.8987027617608943,-0.8020703073354583
3364.9902,20000,0.035838302,-1.499879,1.2271926,0.09316959,-0.16126505,-2.951131,3.3935776,0.77926224,3.979039320256561e-17,-8.782558803675087,8.34282144548864,0.9999946528270907,2.755127108530222,-0.19320065143772897,4.13216938542344,1.118861097541096,2560,-0.013084081932902336,3.0201902,0.013701217,0.4444444444444444,1.0,2.1053555849205323,-0.8815879843644883,-0.9450910368420191
3361.0117,20000,0.035850096,-1.5877713,1.2444609,0.09265799,-0.1571056,-3.1418035,3.3490956,0.77743715,3.4106051316484806e-17,-7.852752399557309,6.50129556347769,0.999994456883805,2.756449076068852,-0.16646603148622882,3.9851458806277935,1.128249243949967,2580,-0.012997184880077839,2.9992056,0.013360893,0.4444444444444444,1.0,2.114401825612958,-0.8740395734629054,-0.8867990250839872
3397.977,20000,0.034643024,-1.3126546,1.2520505,0.09485379,-0.16233394,-3.301728,3.9567068,0.79320306,-2.2737367544323207e-17,-9.277342433540593,4.787095380319052,0.9999939231981793,2.8042757930447673,-0.4630520239673659,3.935121272554055,1.0423705992627381,2600,-0.013183982111513615,3.004712,0.013471805,0.4444444444444444,1.0,1.9603053050333332,-0.8806007704025975,-0.876630751045735
3574.9155,20000,0.034287713,-1.4336289,1.1397206,0.092584915,-0.17571135,-3.2928836,3.5193462,0.79148334,1.7053025658242403e-17,-6.011819820376305,9.198007115382893,0.9999903292396249,2.9572035571416406,0.00941615179181099,4.151626920175723,0.8408647387370999,2620,-0.014455420896410942,2.9723988,0.015699053,0.4444444444444444,1.0,1.6342536808801773,-0.9410185885954139,-0.8787686252152185
3366.6636,20000,0.037142463,-1.5150964,1.2673773,0.098314695,-0.15297228,-2.9755068,3.6893675,0.8200334,-5.684341886080802e-18,-10.391117979798588,2.9461345023953203,0.9999945178178943,2.762697128344634,-0.5726881986574117,4.103469743555946,1.4914565760535385,2640,-0.01377344410866499,2.9405212,0.013872647,0.4444444444444444,1.0,2.9008456107272886,-0.944874050360123,-0.8498367873037309
3235.8665,20000,0.039176513,-1.3164653,1.2800508,0.10400525,-0.13223842,-3.0863347,3.6346078,0.85946184,-1.1368683772161604e-17,-7.78394876600186,1.855121671999418,0.9999958823038995,2.616372485771095,-0.5893071720006474,4.137495615415573,1.9503049491200832,2660,-0.01120556890964508,2.9395542,0.010622641,0.4444444444444444,1.0,3.6995059033082014,-0.8964735356202467,-0.9541371090297299
3426.4941,20000,0.036041584,-1.4579823,1.4041014,0.09771251,-0.15896343,-3.2439744,3.6225522,0.82025886,1.6342482922482304e-17,-13.223290073977944,10.455457247406247,0.9999931719661376,2.8227702949219595,-0.5720992247916353,4.189911850553706,1.3666375326251299,2680,-0.014176793396472931,2.920693,0.01613286,0.4444444444444444,1.0,2.615838277759642,-0.9134693784645334,-0.9312077962100245
3543.48,20000,0.0367646,-1.5971388,1.2873247,0.09797828,-0.16274887,-3.064164,3.9384894,0.83392763,0.0,-9.41021213739643,3.8757508894058508,0.9999948193788759,2.8969210355192736,-0.5464156881511537,4.263488532258659,1.334342609007353,2700,-0.01216897927224636,2.8934498,0.011933535,0.4444444444444444,1.0,2.4986068645004953,-0.8697464148986569,-0.8505848507448348
3422.2358,20000,0.037552528,-1.4659742,1.5018252,0.099802725,-0.14942206,-3.099886,3.8671603,0.8396978,2.5579538487363606e-17,-8.993435949402954,4.750911516861386,0.9999953663036913,2.8022976613838693,-0.5601038252030254,4.093482206351086,1.6504815664071448,2720,-0.01042930968105793,2.881711,0.010150486,0.4444444444444444,1.0,3.115545621459515,-0.8876167832806094,-0.8595745155865395
3489.1616,20000,0.036502533,-1.5488273,1.2602868,0.098069414,-0.15978992,-3.0464923,3.2891502,0.8307964,-1.1368683772161604e-17,-11.97559918820765,8.71047925086199,0.9999940230322518,2.8847295521170477,-0.579681219905933,4.314307056744214,1.4051273663183736,2740,-0.01378212496638298,2.8576698,0.010755548,0.4444444444444444,1.0,2.6898933585632427,-0.9137812877192875,-0.9325369288883811
3357.2156,20000,0.037947286,-1.4689958,1.3256568,0.101155505,-0.14199673,-3.2907703,4.1566873,0.8477194,-3.4106051316484806e-17,-8.11346528905836,3.7076536871539143,0.9999956636518398,2.716251384561873,-0.5628111993939894,4.143498969336266,1.7010858053345062,2760,-0.01077788695693016,2.8648896,0.009177462,0.4444444444444444,1.0,3.265281478984208,-0.9171101304230538,-0.9261110221368938
3688.457,20000,0.034198057,-1.5052971,1.1418142,0.09324019,-0.18551855,-3.0306547,3.631393,0.81520444,-3.765876499528531e-17,-7.66294819208917,8.459140988153326,0.9999892084117018,3.0396425144798775,0.006152493413537741,4.174536955637172,0.8887153709082799,2780,-0.013055320829153061,2.8358731,0.013410098,0.4444444444444444,1.0,1.691053891019215,-0.8995342192680083,-0.8791549678148909
3771.9153,20000,0.034997202,-1.3743598,1.4399006,0.093714684,-0.18746065,-3.149919,3.2244127,0.8255601,-2.842170943040401e-18,-3.3333541185712434,6.894993432229313,0.9999901229153138,3.11809788234773,0.009332414716482162,4.274158285980387,0.9802192472175874,2800,-0.012629128992557526,2.7936716,0.013514975,0.4444444444444444,1.0,1.874144652810309,-0.9119366819806927,-0.816385040631292
3769.7231,20000,0.035147425,-1.331747,1.2997749,0.093898125,-0.18754391,-3.3020158,3.2545142,0.826093,1.9895196601282805e-17,-8.227004876986033,7.268114876096775,0.9999917229567514,3.0939902359953115,-0.25200007164033034,4.188834112858612,1.0087466498061668,2820,-0.01979171857237816,2.7841845,0.01691939,0.4444444444444444,1.0,2.026152810177316,-1.008366723425386,-0.9794236156634597
3697.2988,20000,0.034563314,-1.4293238,1.240601,0.093233295,-0.19259936,-3.232552,3.3679042,0.8153761,1.1368683772161604e-17,-10.108079452325576,4.771213979393621,0.9999921579926522,3.047349194688758,0.007545256521552801,4.359061976210032,1.020215870396532,2840,-0.013180974870920181,2.7879977,0.014176825,0.4444444444444444,1.0,1.9932434861384296,-0.953115314689934,-0.9748559238875492
3291.4556,20000,0.041615486,-1.4215236,1.314171,0.10356843,-0.11961736,-3.424202,4.475178,0.8804224,0.0,-6.3560161412760126,2.7750901773612613,0.9999967342012133,2.659181450509259,-0.6904415725371266,4.243863454943369,2.133831681667353,2860,-0.012064903974533081,2.7740335,0.012095376,0.4444444444444444,1.0,4.023396306675091,-0.8852170978774503,-0.7977421167598351
3768.2273,20000,0.03429581,-1.3180678,1.272995,0.093139745,-0.19853939,-3.2198153,3.4617522,0.8294305,6.821210263296961e-17,-6.35109091888817,14.044903821378382,0.9999919043784996,3.0953669139025664,0.013741214759647846,4.25195395970784,1.0090019290324097,2880,-0.0263335220515728,2.7583842,0.021419479,0.6666666666666666,1.0,1.8962892775537528,-0.8753779986962595,-0.8913194982791848
3618.565,20000,0.036521614,-1.6180774,1.2796026,0.09665066,-0.16860913,-3.529938,3.7197673,0.850966,-1.7053025658242403e-17,-11.489472454086505,3.4509711867960697,0.9999943367997975,2.9534412173729714,-0.7652474507798223,4.237022720323623,1.5190313480657105,2900,-0.009976484812796116,2.7250638,0.006865268,0.6666666666666666,1.0,2.9073654814298684,-0.9139586332667307,-0.839893155363411
3838.0007,20000,0.03440978,-1.4198056,1.306879,0.091971226,-0.18932801,-3.2168348,3.2446513,0.8215337,5.684341886080802e-18,-3.511248357601202,19.6160335795769,0.9999874976165053,3.1602849592560127,0.012900862842798233,4.2870503279964165,0.9870622022683793,2920,-0.012153398245573044,2.6876268,0.0086039,0.6666666666666666,1.0,1.9266901373536576,-0.9498440748911119,-0.9627486430440677
3768.5825,20000,0.036235996,-1.2349358,1.2804154,0.09513509,-0.17510559,-3.2765057,3.5137024,0.8521705,1.7053025658242403e-17,-12.029759392982669,4.610974500111581,0.9999935899006288,3.0906273623317726,-0.725446482413052,4.2786783728417355,1.2608642954316267,2940,-0.009212872013449669,2.6748705,0.006629606,0.6666666666666666,1.0,2.433370214429375,-0.9297844530967265,-0.9117076160185775
3822.2793,20000,0.03488047,-1.2642112,1.2474592,0.09301614,-0.18645227,-3.297114,3.4339063,0.8284824,0.0,-7.8307203595483355,14.826584073372011,0.9999904074801107,3.148829387028933,0.012550942599773407,4.303920320984232,0.9858087414980767,2960,-0.010916979983448982,2.6307392,0.00775688,0.6666666666666666,1.0,1.9338414918998335,-0.961611368271498,-0.965700563193499
3853.5457,20000,0.03600406,-1.3831587,1.2852249,0.094217494,-0.17906493,-3.1020665,4.0705843,0.8454935,-1.1368683772161604e-17,-10.159653883137288,5.5132959453525325,0.9999927754553002,3.1657708904291337,-0.5088164784811046,4.279216737362017,1.1557811997627598,2980,-0.009805900976061821,2.6087837,0.006217238,0.6666666666666666,1.0,2.2058591745438787,-0.9078263594166749,-0.8992940146975195
3625.0093,20000,0.038151775,-1.3099895,1.2931019,0.09684991,-0.1528096,-2.9623878,3.7270274,0.8528363,1.1368683772161604e-17,-8.685952067029952,3.3836113564649186,0.9999958082580257,2.9496656860350448,-0.8008061869378337,4.606848163908878,1.865623983250219,3000,-0.011813435703516006,2.5940375,0.008223223,0.6666666666666666,1.0,3.4786807291007977,-0.8646152914608496,-0.8414058092357144
